"scenario","dev_scenario","RCP 2.6","RCP 4.5","RCP 6.0","RCP 8.5"
"Business-
as-usual","Current",0.466257668711656,0.45398773006135,0.429447852760736,0.368098159509202
"Business-
as-usual","Proportional",0.496969696969697,0.484848484848485,0.447852760736196,0.390243902439024
"Business-
as-usual","Offset-based",0.5,0.351851851851852,0.347826086956522,0.339506172839506
"Business-
as-usual","Optimum",0.622754491017964,0.595238095238095,0.58433734939759,0.56547619047619
"Progressive
reforms","Current",0.613496932515337,0.601226993865031,0.595092024539877,0.533742331288344
"Progressive
reforms","Proportional",0.715976331360947,0.708333333333333,0.688622754491018,0.648809523809524
"Progressive
reforms","Offset-based",0.75,0.755952380952381,0.772455089820359,0.773255813953488
"Progressive
reforms","Optimum",0.868263473053892,0.863095238095238,0.862275449101796,0.816568047337278
